Id,SleepDay,TotalSleepRecords,TotalMinutesAsleep,TotalTimeInBed,SleepEfficiency,DayOfWeek_x,NextDayDate,ActivityDate,TotalSteps,TotalDistance,TrackerDistance,LoggedActivitiesDistance,VeryActiveDistance,ModeratelyActiveDistance,LightActiveDistance,SedentaryActiveDistance,VeryActiveMinutes,FairlyActiveMinutes,LightlyActiveMinutes,SedentaryMinutes,Calories,TotalTrackedMinutes,ValidActivityDay,DayOfWeek_y
1503960366,2016-04-12,1,327,346,94.50867052023122,Tuesday,2016-04-13,2016-04-13,10735,6.96999979019165,6.96999979019165,0.0,1.57000005245209,0.689999997615814,4.71000003814697,0.0,21,19,217,776,1797,1033,True,Wednesday
1503960366,2016-04-13,2,384,407,94.34889434889435,Wednesday,2016-04-14,2016-04-14,10460,6.73999977111816,6.73999977111816,0.0,2.44000005722046,0.400000005960464,3.91000008583069,0.0,30,11,181,1218,1776,1440,True,Thursday
1503960366,2016-04-15,1,412,442,93.21266968325791,Friday,2016-04-16,2016-04-16,12669,8.15999984741211,8.15999984741211,0.0,2.71000003814697,0.409999996423721,5.03999996185303,0.0,36,10,221,773,1863,1040,True,Saturday
1503960366,2016-04-17,1,700,712,98.31460674157303,Sunday,2016-04-18,2016-04-18,13019,8.59000015258789,8.59000015258789,0.0,3.25,0.639999985694885,4.71000003814697,0.0,42,16,233,1149,1921,1440,True,Monday
1503960366,2016-04-19,1,304,320,95.0,Tuesday,2016-04-20,2016-04-20,10544,6.67999982833862,6.67999982833862,0.0,1.96000003814697,0.479999989271164,4.23999977111816,0.0,28,12,205,818,1786,1063,True,Wednesday
1503960366,2016-04-20,1,360,377,95.49071618037135,Wednesday,2016-04-21,2016-04-21,9819,6.34000015258789,6.34000015258789,0.0,1.3400000333786,0.349999994039536,4.65000009536743,0.0,19,8,211,838,1775,1076,True,Thursday
1503960366,2016-04-21,1,325,364,89.28571428571429,Thursday,2016-04-22,2016-04-22,12764,8.13000011444092,8.13000011444092,0.0,4.76000022888184,1.12000000476837,2.24000000953674,0.0,66,27,130,1217,1827,1440,True,Friday
1503960366,2016-04-23,1,361,384,94.01041666666666,Saturday,2016-04-24,2016-04-24,10039,6.40999984741211,6.40999984741211,0.0,2.92000007629395,0.209999993443489,3.27999997138977,0.0,39,5,238,709,1788,991,True,Sunday
1503960366,2016-04-24,1,430,449,95.7683741648107,Sunday,2016-04-25,2016-04-25,15355,9.80000019073486,9.80000019073486,0.0,5.28999996185303,0.569999992847443,3.94000005722046,0.0,73,14,216,814,2013,1117,True,Monday
1503960366,2016-04-25,1,277,323,85.75851393188854,Monday,2016-04-26,2016-04-26,13755,8.78999996185303,8.78999996185303,0.0,2.32999992370605,0.920000016689301,5.53999996185303,0.0,31,23,279,833,1970,1166,True,Tuesday
1503960366,2016-04-26,1,245,274,89.41605839416059,Tuesday,2016-04-27,2016-04-27,18134,12.210000038147,12.210000038147,0.0,6.40000009536743,0.409999996423721,5.40999984741211,0.0,78,11,243,1108,2159,1440,True,Wednesday
1503960366,2016-04-28,1,366,393,93.12977099236642,Thursday,2016-04-29,2016-04-29,11181,7.15000009536743,7.15000009536743,0.0,1.05999994277954,0.5,5.57999992370605,0.0,16,12,243,815,1837,1086,True,Friday
1503960366,2016-04-29,1,341,354,96.32768361581921,Friday,2016-04-30,2016-04-30,14673,9.25,9.25,0.0,3.55999994277954,1.41999995708466,4.26999998092651,0.0,52,34,217,712,1947,1015,True,Saturday
1503960366,2016-04-30,1,404,425,95.05882352941177,Saturday,2016-05-01,2016-05-01,10602,6.80999994277954,6.80999994277954,0.0,2.28999996185303,1.60000002384186,2.92000007629395,0.0,33,35,246,730,1820,1044,True,Sunday
1503960366,2016-05-01,1,369,396,93.18181818181817,Sunday,2016-05-02,2016-05-02,14727,9.71000003814697,9.71000003814697,0.0,3.21000003814697,0.569999992847443,5.92000007629395,0.0,41,15,277,798,2004,1131,True,Monday
1503960366,2016-05-02,1,277,309,89.64401294498381,Monday,2016-05-03,2016-05-03,15103,9.65999984741211,9.65999984741211,0.0,3.73000001907349,1.04999995231628,4.88000011444092,0.0,50,24,254,816,1990,1144,True,Tuesday
1503960366,2016-05-03,1,273,296,92.22972972972973,Tuesday,2016-05-04,2016-05-04,11100,7.15000009536743,7.15000009536743,0.0,2.46000003814697,0.870000004768372,3.8199999332428,0.0,36,22,203,1179,1819,1440,True,Wednesday
1503960366,2016-05-05,1,247,264,93.56060606060606,Thursday,2016-05-06,2016-05-06,12159,8.02999973297119,8.02999973297119,0.0,1.97000002861023,0.25,5.80999994277954,0.0,24,6,289,754,1896,1073,True,Friday
1503960366,2016-05-06,1,334,367,91.00817438692098,Friday,2016-05-07,2016-05-07,11992,7.71000003814697,7.71000003814697,0.0,2.46000003814697,2.11999988555908,3.13000011444092,0.0,37,46,175,833,1821,1091,True,Saturday
1503960366,2016-05-08,1,594,611,97.21767594108019,Sunday,2016-05-09,2016-05-09,12022,7.71999979019165,7.71999979019165,0.0,3.45000004768372,0.529999971389771,3.74000000953674,0.0,46,11,206,835,1819,1098,True,Monday
1503960366,2016-05-09,1,338,342,98.83040935672514,Monday,2016-05-10,2016-05-10,12207,7.76999998092651,7.76999998092651,0.0,3.34999990463257,1.1599999666214,3.25999999046326,0.0,46,31,214,746,1859,1037,True,Tuesday
1503960366,2016-05-10,1,383,403,95.03722084367246,Tuesday,2016-05-11,2016-05-11,12770,8.13000011444092,8.13000011444092,0.0,2.55999994277954,1.00999999046326,4.55000019073486,0.0,36,23,251,669,1783,979,True,Wednesday
2026352035,2016-04-16,1,524,567,92.41622574955908,Saturday,2016-04-17,2016-04-17,838,0.519999980926514,0.519999980926514,0.0,0.0,0.0,0.519999980926514,0.0,0,0,60,1053,1214,1113,True,Sunday
2026352035,2016-04-17,1,437,498,87.75100401606426,Sunday,2016-04-18,2016-04-18,3325,2.05999994277954,2.05999994277954,0.0,0.0,0.0,2.05999994277954,0.0,0,0,182,1062,1419,1244,True,Monday
2026352035,2016-04-24,1,555,591,93.90862944162437,Sunday,2016-04-25,2016-04-25,6017,3.73000001907349,3.73000001907349,0.0,0.0,0.0,3.73000001907349,0.0,0,0,260,821,1576,1081,True,Monday
2026352035,2016-04-25,1,506,531,95.29190207156309,Monday,2016-04-26,2016-04-26,5933,3.6800000667572,3.6800000667572,0.0,0.0,0.0,3.6800000667572,0.0,0,0,288,1018,1595,1306,True,Tuesday
2026352035,2016-05-01,1,527,546,96.52014652014653,Sunday,2016-05-02,2016-05-02,7018,4.34999990463257,4.34999990463257,0.0,0.0,0.0,4.34999990463257,0.0,0,0,355,716,1690,1071,True,Monday
2026352035,2016-05-02,1,511,543,94.10681399631676,Monday,2016-05-03,2016-05-03,5992,3.72000002861023,3.72000002861023,0.0,0.0,0.0,3.72000002861023,0.0,0,0,304,981,1604,1285,True,Tuesday
2026352035,2016-05-09,1,531,556,95.50359712230215,Monday,2016-05-10,2016-05-10,254,0.159999996423721,0.159999996423721,0.0,0.0,0.0,0.159999996423721,0.0,0,0,17,1002,1141,1019,True,Tuesday
2347167796,2016-04-13,1,467,531,87.94726930320151,Wednesday,2016-04-14,2016-04-14,10129,6.69999980926514,6.69999980926514,0.0,0.0199999995529652,2.74000000953674,3.94000005722046,0.0,1,48,206,705,2010,960,True,Thursday
2347167796,2016-04-14,1,445,489,91.00204498977506,Thursday,2016-04-15,2016-04-15,10465,6.92000007629395,6.92000007629395,0.0,0.0700000002980232,1.41999995708466,5.42999982833862,0.0,1,24,284,720,2133,1029,True,Friday
2347167796,2016-04-15,1,452,504,89.68253968253968,Friday,2016-04-16,2016-04-16,22244,15.0799999237061,15.0799999237061,0.0,5.44999980926514,4.09999990463257,5.53000020980835,0.0,66,72,268,968,2670,1374,True,Saturday
2347167796,2016-04-18,1,500,557,89.76660682226212,Monday,2016-04-19,2016-04-19,6711,4.44000005722046,4.44000005722046,0.0,0.0,0.0,4.44000005722046,0.0,0,7,382,648,2346,1037,True,Tuesday
2347167796,2016-04-19,1,465,514,90.46692607003891,Tuesday,2016-04-20,2016-04-20,10999,7.26999998092651,7.26999998092651,0.0,0.680000007152557,1.80999994277954,4.78000020980835,0.0,11,43,269,1011,2198,1334,True,Wednesday
2347167796,2016-04-21,1,460,484,95.0413223140496,Thursday,2016-04-22,2016-04-22,7804,5.15999984741211,5.15999984741211,0.0,0.560000002384186,1.67999994754791,2.92000007629395,0.0,9,27,206,781,1946,1023,True,Friday
2347167796,2016-04-22,1,405,461,87.85249457700651,Friday,2016-04-23,2016-04-23,16901,11.3699998855591,11.3699998855591,0.0,2.77999997138977,1.45000004768372,7.15000009536743,0.0,32,35,360,591,2629,1018,True,Saturday
2347167796,2016-04-27,1,448,499,89.77955911823648,Wednesday,2016-04-28,2016-04-28,5439,3.59999990463257,3.59999990463257,0.0,0.0,0.0,3.59999990463257,0.0,0,0,229,764,1854,993,True,Thursday
3977333714,2016-04-12,1,274,469,58.42217484008528,Tuesday,2016-04-13,2016-04-13,10035,6.71000003814697,6.71000003814697,0.0,2.02999997138977,2.13000011444092,2.54999995231628,0.0,31,46,153,754,1495,984,True,Wednesday
3977333714,2016-04-13,2,295,456,64.69298245614034,Wednesday,2016-04-14,2016-04-14,7641,5.1100001335144,5.1100001335144,0.0,0.319999992847443,0.970000028610229,3.8199999332428,0.0,5,23,214,801,1433,1043,True,Thursday
3977333714,2016-04-18,2,412,522,78.9272030651341,Monday,2016-04-19,2016-04-19,12414,8.77999973297119,8.77999973297119,0.0,2.24000000953674,2.45000004768372,3.96000003814697,0.0,19,67,221,738,1638,1045,True,Tuesday
3977333714,2016-04-19,1,219,395,55.44303797468354,Tuesday,2016-04-20,2016-04-20,11658,7.82999992370605,7.82999992370605,0.0,0.200000002980232,4.34999990463257,3.27999997138977,0.0,2,98,164,845,1554,1109,True,Wednesday
3977333714,2016-04-21,1,332,512,64.84375,Thursday,2016-04-22,2016-04-22,8911,5.96000003814697,5.96000003814697,0.0,2.32999992370605,0.579999983310699,3.05999994277954,0.0,33,12,188,731,1481,964,True,Friday
3977333714,2016-04-22,1,355,476,74.57983193277312,Friday,2016-04-23,2016-04-23,12058,8.06999969482422,8.06999969482422,0.0,0.0,4.21999979019165,3.84999990463257,0.0,0,92,252,724,1638,1068,True,Saturday
3977333714,2016-04-24,1,310,526,58.935361216730044,Sunday,2016-04-25,2016-04-25,11177,8.47999954223633,8.47999954223633,0.0,5.61999988555908,0.430000007152557,2.41000008583069,0.0,50,9,133,781,1570,973,True,Monday
3977333714,2016-04-25,1,262,467,56.102783725910065,Monday,2016-04-26,2016-04-26,11388,7.61999988555908,7.61999988555908,0.0,0.449999988079071,4.21999979019165,2.95000004768372,0.0,7,95,170,797,1551,1069,True,Tuesday
3977333714,2016-04-27,1,349,540,64.62962962962962,Wednesday,2016-04-28,2016-04-28,7114,4.88000011444092,4.88000011444092,0.0,1.37000000476837,0.28999999165535,3.22000002861023,0.0,15,8,190,804,1407,1017,True,Thursday
3977333714,2016-04-28,1,261,423,61.702127659574465,Thursday,2016-04-29,2016-04-29,10645,7.75,7.75,0.0,3.74000000953674,1.29999995231628,2.71000003814697,0.0,36,32,150,744,1545,962,True,Friday
3977333714,2016-04-29,1,333,478,69.6652719665272,Friday,2016-04-30,2016-04-30,13238,9.19999980926514,9.19999980926514,0.0,3.69000005722046,2.09999990463257,3.41000008583069,0.0,43,52,194,687,1650,976,True,Saturday
3977333714,2016-05-01,1,383,626,61.18210862619809,Sunday,2016-05-02,2016-05-02,16520,11.0500001907349,11.0500001907349,0.0,1.53999996185303,6.48000001907349,3.01999998092651,0.0,24,143,176,713,1760,1056,True,Monday
3977333714,2016-05-03,1,292,500,58.4,Tuesday,2016-05-04,2016-05-04,13559,9.4399995803833,9.4399995803833,0.0,1.80999994277954,4.57999992370605,2.89000010490417,0.0,14,96,142,852,1628,1104,True,Wednesday
3977333714,2016-05-04,1,213,336,63.39285714285714,Wednesday,2016-05-05,2016-05-05,12312,8.57999992370605,8.57999992370605,0.0,1.75999999046326,4.1100001335144,2.71000003814697,0.0,14,88,178,680,1618,960,True,Thursday
3977333714,2016-05-06,1,323,512,63.0859375,Friday,2016-05-07,2016-05-07,11550,7.73000001907349,7.73000001907349,0.0,0.0,4.13000011444092,3.58999991416931,0.0,0,86,208,703,1574,997,True,Saturday
3977333714,2016-05-07,1,237,443,53.49887133182845,Saturday,2016-05-08,2016-05-08,13585,9.09000015258789,9.09000015258789,0.0,0.680000007152557,5.23999977111816,3.17000007629395,0.0,9,116,171,688,1633,984,True,Sunday
3977333714,2016-05-08,2,259,456,56.79824561403509,Sunday,2016-05-09,2016-05-09,14687,10.0799999237061,10.0799999237061,0.0,0.769999980926514,5.59999990463257,3.54999995231628,0.0,8,122,151,1159,1667,1440,True,Monday
4020332650,2016-04-12,1,501,541,92.60628465804066,Tuesday,2016-04-13,2016-04-13,0,0.0,0.0,0.0,0.0,0.0,0.0,0.0,0,0,0,1440,1981,1440,True,Wednesday
4020332650,2016-04-16,1,77,77,100.0,Saturday,2016-04-17,2016-04-17,16,0.0099999997764825,0.0099999997764825,0.0,0.0,0.0,0.0099999997764825,0.0,0,0,2,1438,1990,1440,True,Sunday
4020332650,2016-05-04,1,478,536,89.17910447761194,Wednesday,2016-05-05,2016-05-05,11728,8.43000030517578,8.43000030517578,0.0,2.61999988555908,1.67999994754791,4.03999996185303,0.0700000002980232,38,42,196,916,3429,1192,True,Thursday
4020332650,2016-05-05,1,226,248,91.12903225806451,Thursday,2016-05-06,2016-05-06,4369,3.13000011444092,3.13000011444092,0.0,0.0,0.0,3.09999990463257,0.0099999997764825,0,0,177,855,2704,1032,True,Friday
4020332650,2016-05-06,1,385,408,94.36274509803921,Friday,2016-05-07,2016-05-07,6132,4.40000009536743,4.40000009536743,0.0,0.0,0.0,3.57999992370605,0.0,0,0,184,1256,2975,1440,True,Saturday
4020332650,2016-05-08,1,364,402,90.54726368159204,Sunday,2016-05-09,2016-05-09,4556,3.26999998092651,3.26999998092651,0.0,0.200000002980232,0.119999997317791,2.94000005722046,0.0,3,5,173,1225,2785,1406,True,Monday
4020332650,2016-05-10,1,442,494,89.47368421052632,Tuesday,2016-05-11,2016-05-11,3689,2.65000009536743,2.65000009536743,0.0,0.109999999403954,0.170000001788139,2.32999992370605,0.0,2,8,134,1296,2645,1440,True,Wednesday
4319703577,2016-04-14,1,535,557,96.05026929982047,Thursday,2016-04-15,2016-04-15,5664,3.79999995231628,3.79999995231628,0.0,0.0,0.0,3.79999995231628,0.0,0,0,228,752,1985,980,True,Friday
4319703577,2016-04-16,1,506,522,96.93486590038314,Saturday,2016-04-17,2016-04-17,29,0.0199999995529652,0.0199999995529652,0.0,0.0,0.0,0.0199999995529652,0.0,0,0,3,1363,1464,1366,True,Sunday
4319703577,2016-04-19,2,461,498,92.570281124498,Tuesday,2016-04-20,2016-04-20,8954,6.01000022888184,6.01000022888184,0.0,0.0,0.680000007152557,5.30999994277954,0.0,0,18,306,671,2220,995,True,Wednesday
4319703577,2016-04-20,1,523,543,96.31675874769797,Wednesday,2016-04-21,2016-04-21,3702,2.48000001907349,2.48000001907349,0.0,0.0,0.0,0.349999994039536,0.0,0,0,34,1265,1792,1299,True,Thursday
4319703577,2016-04-25,1,488,506,96.44268774703558,Monday,2016-04-26,2016-04-26,9899,6.6399998664856,6.6399998664856,0.0,0.569999992847443,0.920000016689301,5.15000009536743,0.0,8,21,288,649,2236,966,True,Tuesday
4319703577,2016-04-26,1,505,516,97.86821705426357,Tuesday,2016-04-27,2016-04-27,10780,7.23000001907349,7.23000001907349,0.0,0.409999996423721,1.91999995708466,4.90999984741211,0.0,6,47,300,680,2324,1033,True,Wednesday
4319703577,2016-05-02,1,478,506,94.46640316205533,Monday,2016-05-03,2016-05-03,9648,6.46999979019165,6.46999979019165,0.0,0.579999983310699,1.07000005245209,4.82999992370605,0.0,8,26,287,669,2235,990,True,Tuesday
4319703577,2016-05-03,1,474,512,92.578125,Tuesday,2016-05-04,2016-05-04,10429,7.01999998092651,7.01999998092651,0.0,0.589999973773956,0.579999983310699,5.84999990463257,0.0,8,13,313,1106,2282,1440,True,Wednesday
4388161847,2016-04-17,2,619,641,96.56786271450858,Sunday,2016-04-18,2016-04-18,11009,9.10000038146973,9.10000038146973,0.0,3.55999994277954,0.400000005960464,5.1399998664856,0.0,27,8,239,1017,3274,1291,True,Monday
4388161847,2016-04-18,1,99,104,95.1923076923077,Monday,2016-04-19,2016-04-19,10181,7.82999992370605,7.82999992370605,0.0,1.37000000476837,0.689999997615814,5.76999998092651,0.0,20,16,249,704,3015,989,True,Tuesday
4388161847,2016-04-19,1,329,338,97.33727810650888,Tuesday,2016-04-20,2016-04-20,10553,8.11999988555908,8.11999988555908,0.0,1.10000002384186,1.72000002861023,5.28999996185303,0.0,19,42,228,696,3083,985,True,Wednesday
4388161847,2016-04-20,1,421,451,93.34811529933481,Wednesday,2016-04-21,2016-04-21,10055,7.73000001907349,7.73000001907349,0.0,0.370000004768372,0.389999985694885,6.98000001907349,0.0,7,12,272,853,3069,1144,True,Thursday
4388161847,2016-04-21,1,442,458,96.50655021834062,Thursday,2016-04-22,2016-04-22,12139,9.34000015258789,9.34000015258789,0.0,3.29999995231628,1.11000001430511,4.92000007629395,0.0,77,25,220,945,3544,1267,True,Friday
4388161847,2016-04-22,1,82,85,96.47058823529412,Friday,2016-04-23,2016-04-23,13236,10.1800003051758,10.1800003051758,0.0,4.5,0.319999992847443,5.34999990463257,0.0,58,5,215,749,3306,1027,True,Saturday
4388161847,2016-04-24,3,552,595,92.77310924369748,Sunday,2016-04-25,2016-04-25,12961,9.97000026702881,9.97000026702881,0.0,0.730000019073486,1.39999997615814,7.84000015258789,0.0,11,31,301,1054,3288,1397,True,Monday
4388161847,2016-04-26,1,319,346,92.1965317919075,Tuesday,2016-04-27,2016-04-27,11193,8.60999965667725,8.60999965667725,0.0,0.699999988079071,2.50999999046326,5.3899998664856,0.0,11,48,241,684,3074,984,True,Wednesday
4388161847,2016-04-27,1,439,500,87.8,Wednesday,2016-04-28,2016-04-28,10074,7.75,7.75,0.0,1.28999996185303,0.430000007152557,6.03000020980835,0.0,19,9,234,878,2969,1140,True,Thursday
4388161847,2016-04-28,1,428,458,93.44978165938865,Thursday,2016-04-29,2016-04-29,9232,7.09999990463257,7.09999990463257,0.0,0.800000011920929,0.889999985694885,5.42000007629395,0.0,13,16,236,1175,2979,1440,True,Friday
4388161847,2016-05-01,1,547,597,91.62479061976549,Sunday,2016-05-02,2016-05-02,10096,8.39999961853027,8.39999961853027,0.0,3.76999998092651,0.0799999982118607,4.55000019073486,0.0,33,4,204,935,3147,1176,True,Monday
4388161847,2016-05-02,2,368,376,97.87234042553192,Monday,2016-05-03,2016-05-03,12727,9.78999996185303,9.78999996185303,0.0,1.12999999523163,0.779999971389771,7.88000011444092,0.0,18,18,306,984,3290,1326,True,Tuesday
4388161847,2016-05-04,1,390,414,94.20289855072464,Wednesday,2016-05-05,2016-05-05,9603,7.38000011444092,7.38000011444092,0.0,0.629999995231628,1.66999995708466,5.09000015258789,0.0,12,39,199,896,2899,1146,True,Thursday
4388161847,2016-05-05,1,471,495,95.15151515151516,Thursday,2016-05-06,2016-05-06,13175,10.1300001144409,10.1300001144409,0.0,2.10999989509583,2.08999991416931,5.92999982833862,0.0,33,45,262,1100,3425,1440,True,Friday
4388161847,2016-05-08,2,529,541,97.78188539741221,Sunday,2016-05-09,2016-05-09,10218,7.8600001335144,7.8600001335144,0.0,0.340000003576279,0.730000019073486,6.78999996185303,0.0,6,19,258,1020,3013,1303,True,Monday
4388161847,2016-05-10,1,354,375,94.39999999999999,Tuesday,2016-05-11,2016-05-11,10201,7.84000015258789,7.84000015258789,0.0,0.529999971389771,0.790000021457672,6.53000020980835,0.0,8,18,256,858,2954,1140,True,Wednesday
4445114986,2016-04-12,2,429,457,93.8730853391685,Tuesday,2016-04-13,2016-04-13,2961,1.99000000953674,1.99000000953674,0.0,0.0,0.0,1.99000000953674,0.0,0,0,194,840,2095,1034,True,Wednesday
4445114986,2016-04-14,1,441,492,89.63414634146342,Thursday,2016-04-15,2016-04-15,7198,4.82999992370605,4.82999992370605,0.0,0.0,0.0,4.82999992370605,0.0,0,0,350,711,2496,1061,True,Friday
4445114986,2016-04-16,1,462,499,92.58517034068137,Saturday,2016-04-17,2016-04-17,2268,1.51999998092651,1.51999998092651,0.0,0.0,0.0,1.51999998092651,0.0,0,0,114,1219,1933,1333,True,Sunday
4445114986,2016-04-17,1,98,107,91.58878504672897,Sunday,2016-04-18,2016-04-18,6155,4.23999977111816,4.23999977111816,0.0,2.0,0.28999999165535,1.95000004768372,0.0,25,6,162,1247,2248,1440,True,Monday
4445114986,2016-04-19,2,388,424,91.50943396226415,Tuesday,2016-04-20,2016-04-20,2072,1.38999998569489,1.38999998569489,0.0,0.0,0.0,1.38999998569489,0.0,0,0,137,841,1974,978,True,Wednesday
4445114986,2016-04-20,1,439,462,95.02164502164501,Wednesday,2016-04-21,2016-04-21,3809,2.55999994277954,2.55999994277954,0.0,0.0,0.0,2.53999996185303,0.0,0,0,215,756,2150,971,True,Thursday
4445114986,2016-04-21,1,436,469,92.96375266524521,Thursday,2016-04-22,2016-04-22,6831,4.57999992370605,4.57999992370605,0.0,0.0,0.0,4.57999992370605,0.0,0,0,317,706,2432,1023,True,Friday
4445114986,2016-04-22,1,388,417,93.04556354916068,Friday,2016-04-23,2016-04-23,4363,2.9300000667572,2.9300000667572,0.0,0.0,0.0,2.9300000667572,0.0,0,0,201,1239,2149,1440,True,Saturday
4445114986,2016-04-25,1,328,345,95.07246376811594,Monday,2016-04-26,2016-04-26,6326,4.40999984741211,4.40999984741211,0.0,2.41000008583069,0.0399999991059303,1.96000003814697,0.0,29,1,180,839,2291,1049,True,Tuesday
4445114986,2016-04-26,2,353,391,90.28132992327366,Tuesday,2016-04-27,2016-04-27,7243,5.03000020980835,5.03000020980835,0.0,2.61999988555908,0.0299999993294477,2.38000011444092,0.0,32,1,194,839,2361,1066,True,Wednesday
4445114986,2016-04-27,1,332,374,88.77005347593582,Wednesday,2016-04-28,2016-04-28,4493,3.00999999046326,3.00999999046326,0.0,0.0,0.0,3.00999999046326,0.0,0,0,236,762,2203,998,True,Thursday
4445114986,2016-04-28,1,419,442,94.79638009049773,Thursday,2016-04-29,2016-04-29,4676,3.14000010490417,3.14000010490417,0.0,0.0,0.0,3.13000011444092,0.0,0,0,226,1106,2196,1332,True,Friday
4445114986,2016-04-29,1,106,108,98.14814814814815,Friday,2016-04-30,2016-04-30,6222,4.17999982833862,4.17999982833862,0.0,0.0,0.0,4.17999982833862,0.0,0,0,290,797,2363,1087,True,Saturday
4445114986,2016-04-30,1,322,353,91.21813031161473,Saturday,2016-05-01,2016-05-01,5232,3.50999999046326,3.50999999046326,0.0,0.0,0.0,3.50999999046326,0.0,0,0,240,741,2246,981,True,Sunday
4445114986,2016-05-02,1,502,542,92.619926199262,Monday,2016-05-03,2016-05-03,7502,5.17999982833862,5.17999982833862,0.0,2.48000001907349,0.109999999403954,2.57999992370605,0.0,30,2,233,725,2421,990,True,Tuesday
4445114986,2016-05-03,2,417,450,92.66666666666666,Tuesday,2016-05-04,2016-05-04,2923,1.96000003814697,1.96000003814697,0.0,0.0,0.0,1.96000003814697,0.0,0,0,180,897,2070,1077,True,Wednesday
4445114986,2016-05-05,2,462,513,90.05847953216374,Thursday,2016-05-06,2016-05-06,4514,3.02999997138977,3.02999997138977,0.0,0.0,0.0,3.02999997138977,0.0,0,0,229,809,2211,1038,True,Friday
4445114986,2016-05-06,2,374,402,93.03482587064677,Friday,2016-05-07,2016-05-07,5183,3.58999991416931,3.58999991416931,0.0,2.13000011444092,0.189999997615814,1.25,0.0,26,4,108,866,2123,1004,True,Saturday
4445114986,2016-05-07,2,401,436,91.97247706422019,Saturday,2016-05-08,2016-05-08,7303,4.90000009536743,4.90000009536743,0.0,0.0,0.25,4.65000009536743,0.0,0,8,308,733,2423,1049,True,Sunday
4445114986,2016-05-09,1,457,533,85.74108818011257,Monday,2016-05-10,2016-05-10,3915,2.63000011444092,2.63000011444092,0.0,0.0,0.0,2.63000011444092,0.0,0,0,231,783,2181,1014,True,Tuesday
4702921684,2016-04-12,1,425,439,96.81093394077449,Tuesday,2016-04-13,2016-04-13,6877,5.57999992370605,5.57999992370605,0.0,0.0,0.0,5.57999992370605,0.0,0,0,258,777,2898,1035,True,Wednesday
4702921684,2016-04-13,2,400,430,93.02325581395348,Wednesday,2016-04-14,2016-04-14,7860,6.36999988555908,6.36999988555908,0.0,0.0,0.0,6.36999988555908,0.0,0,0,271,772,2984,1043,True,Thursday
4702921684,2016-04-14,1,384,415,92.53012048192771,Thursday,2016-04-15,2016-04-15,6506,5.28000020980835,5.28000020980835,0.0,0.0700000002980232,0.419999986886978,4.78999996185303,0.0,1,8,256,944,2896,1209,True,Friday
4702921684,2016-04-17,1,591,612,96.56862745098039,Sunday,2016-04-18,2016-04-18,9105,7.38000011444092,7.38000011444092,0.0,1.82000005245209,1.49000000953674,4.07000017166138,0.0,22,30,191,890,3013,1133,True,Monday
4702921684,2016-04-19,1,457,487,93.83983572895276,Tuesday,2016-04-20,2016-04-20,8793,7.13000011444092,7.13000011444092,0.0,0.159999996423721,1.23000001907349,5.73000001907349,0.0,2,29,260,717,3061,1008,True,Wednesday
4702921684,2016-04-20,1,454,468,97.00854700854701,Wednesday,2016-04-21,2016-04-21,6530,5.30000019073486,5.30000019073486,0.0,0.310000002384186,2.04999995231628,2.94000005722046,0.0,4,41,144,901,2729,1090,True,Thursday
4702921684,2016-04-21,1,425,434,97.92626728110599,Thursday,2016-04-22,2016-04-22,1664,1.35000002384186,1.35000002384186,0.0,0.0,0.0,1.35000002384186,0.0,0,0,72,1341,2241,1413,True,Friday
4702921684,2016-04-24,1,480,506,94.86166007905138,Sunday,2016-04-25,2016-04-25,9167,7.42999982833862,7.42999982833862,0.0,0.490000009536743,0.819999992847443,6.1100001335144,0.0,6,15,270,730,3064,1021,True,Monday
4702921684,2016-04-25,1,370,380,97.36842105263158,Monday,2016-04-26,2016-04-26,6108,4.94999980926514,4.94999980926514,0.0,0.0700000002980232,0.349999994039536,4.53999996185303,0.0,1,8,216,765,2784,990,True,Tuesday
4702921684,2016-04-26,1,421,429,98.13519813519814,Tuesday,2016-04-27,2016-04-27,7047,5.71999979019165,5.71999979019165,0.0,0.0900000035762787,0.800000011920929,4.78000020980835,0.0,1,16,238,733,2908,988,True,Wednesday
4702921684,2016-04-27,1,432,449,96.21380846325167,Wednesday,2016-04-28,2016-04-28,9023,7.32000017166138,7.32000017166138,0.0,1.12999999523163,0.419999986886978,5.76999998092651,0.0,14,9,232,738,3033,993,True,Thursday
4702921684,2016-04-28,1,442,461,95.87852494577007,Thursday,2016-04-29,2016-04-29,9930,8.05000019073486,8.05000019073486,0.0,1.05999994277954,0.920000016689301,6.07000017166138,0.0,12,19,267,692,3165,990,True,Friday
4702921684,2016-04-29,1,433,447,96.86800894854586,Friday,2016-04-30,2016-04-30,10144,8.22999954223633,8.22999954223633,0.0,0.319999992847443,2.02999997138977,5.88000011444092,0.0,4,36,263,728,3115,1031,True,Saturday
4702921684,2016-04-30,1,479,501,95.60878243512974,Saturday,2016-05-01,2016-05-01,0,0.0,0.0,0.0,0.0,0.0,0.0,0.0,0,0,0,1440,2017,1440,True,Sunday
4702921684,2016-05-03,1,327,373,87.66756032171583,Tuesday,2016-05-04,2016-05-04,8161,6.61999988555908,6.61999988555908,0.0,0.340000003576279,0.730000019073486,5.53999996185303,0.0,4,15,251,757,3004,1027,True,Wednesday
4702921684,2016-05-04,1,412,434,94.93087557603687,Wednesday,2016-05-05,2016-05-05,8614,6.98999977111816,6.98999977111816,0.0,0.670000016689301,0.219999998807907,6.09000015258789,0.0,8,5,241,745,3006,999,True,Thursday
4702921684,2016-05-06,1,404,449,89.97772828507794,Friday,2016-05-07,2016-05-07,14370,11.6499996185303,11.6499996185303,0.0,0.370000004768372,2.30999994277954,8.97000026702881,0.0,5,46,439,577,3683,1067,True,Saturday
4702921684,2016-05-07,1,520,543,95.76427255985267,Saturday,2016-05-08,2016-05-08,12857,10.4300003051758,10.4300003051758,0.0,0.680000007152557,6.21000003814697,3.53999996185303,0.0,9,125,192,1019,3287,1345,True,Sunday
4702921684,2016-05-09,1,435,458,94.97816593886463,Monday,2016-05-10,2016-05-10,10613,8.60999965667725,8.60999965667725,0.0,0.0799999982118607,1.87999999523163,6.65000009536743,0.0,1,37,262,701,3172,1001,True,Tuesday
4702921684,2016-05-10,1,416,431,96.51972157772622,Tuesday,2016-05-11,2016-05-11,9810,7.96000003814697,7.96000003814697,0.0,0.779999971389771,2.16000008583069,4.98000001907349,0.0,10,41,235,784,3069,1070,True,Wednesday
5553957443,2016-04-13,2,455,488,93.23770491803278,Wednesday,2016-04-14,2016-04-14,17022,11.1199998855591,11.1199998855591,0.0,4.0,2.45000004768372,4.67000007629395,0.0,61,41,256,693,2324,1051,True,Thursday
5553957443,2016-04-14,1,357,418,85.4066985645933,Thursday,2016-04-15,2016-04-15,16556,10.8599996566772,10.8599996566772,0.0,4.15999984741211,1.98000001907349,4.71000003814697,0.0,58,38,239,689,2254,1024,True,Friday
5553957443,2016-04-16,2,651,686,94.89795918367348,Saturday,2016-04-17,2016-04-17,655,0.430000007152557,0.430000007152557,0.0,0.0,0.0,0.430000007152557,0.0,0,0,46,943,1397,989,True,Sunday
5553957443,2016-04-18,2,520,541,96.11829944547135,Monday,2016-04-19,2016-04-19,15482,10.1099996566772,10.1099996566772,0.0,4.28000020980835,1.6599999666214,4.17999982833862,0.0,69,28,249,756,2284,1102,True,Tuesday
5553957443,2016-04-20,1,658,678,97.05014749262537,Wednesday,2016-04-21,2016-04-21,12346,8.0600004196167,8.0600004196167,0.0,2.95000004768372,2.16000008583069,2.96000003814697,0.0,47,42,177,801,2066,1067,True,Thursday
5553957443,2016-04-21,1,399,431,92.5754060324826,Thursday,2016-04-22,2016-04-22,11682,7.63000011444092,7.63000011444092,0.0,1.37999999523163,0.629999995231628,5.59999990463257,0.0,25,16,270,781,2105,1092,True,Friday
5553957443,2016-04-24,2,553,640,86.40625,Sunday,2016-04-25,2016-04-25,10946,7.19000005722046,7.19000005722046,0.0,2.9300000667572,0.569999992847443,3.69000005722046,0.0,51,11,201,732,2033,995,True,Monday
5553957443,2016-04-25,1,433,468,92.52136752136752,Monday,2016-04-26,2016-04-26,11886,7.76000022888184,7.76000022888184,0.0,2.36999988555908,0.930000007152557,4.46000003814697,0.0,40,18,238,750,2093,1046,True,Tuesday
5553957443,2016-04-26,1,412,453,90.94922737306842,Tuesday,2016-04-27,2016-04-27,10538,6.88000011444092,6.88000011444092,0.0,1.13999998569489,1.0,4.73999977111816,0.0,16,16,206,745,1922,983,True,Wednesday
5553957443,2016-04-28,1,421,457,92.12253829321662,Thursday,2016-04-29,2016-04-29,12764,8.32999992370605,8.32999992370605,0.0,2.78999996185303,0.639999985694885,4.90999984741211,0.0,46,15,270,709,2169,1040,True,Friday
5553957443,2016-05-01,2,622,686,90.67055393586006,Sunday,2016-05-02,2016-05-02,9769,6.38000011444092,6.38000011444092,0.0,1.05999994277954,0.409999996423721,4.90000009536743,0.0,23,9,227,724,1996,983,True,Monday
5553957443,2016-05-02,1,409,471,86.83651804670913,Monday,2016-05-03,2016-05-03,12848,8.39000034332275,8.39000034332275,0.0,1.5,1.20000004768372,5.67999982833862,0.0,26,29,247,812,2116,1114,True,Tuesday
5553957443,2016-05-04,1,447,470,95.1063829787234,Wednesday,2016-05-05,2016-05-05,14331,9.51000022888184,9.51000022888184,0.0,3.4300000667572,1.6599999666214,4.42999982833862,0.0,44,29,241,692,2156,1006,True,Thursday
5553957443,2016-05-05,1,419,464,90.30172413793103,Thursday,2016-05-06,2016-05-06,9632,6.28999996185303,6.28999996185303,0.0,1.51999998092651,0.540000021457672,4.23000001907349,0.0,21,9,229,761,1916,1020,True,Friday
5553957443,2016-05-06,1,400,434,92.16589861751152,Friday,2016-05-07,2016-05-07,1868,1.22000002861023,1.22000002861023,0.0,0.0,0.0,1.22000002861023,0.0,0,0,96,902,1494,998,True,Saturday
5553957443,2016-05-08,1,568,608,93.42105263157895,Sunday,2016-05-09,2016-05-09,11611,7.57999992370605,7.57999992370605,0.0,2.13000011444092,0.889999985694885,4.55999994277954,0.0,59,22,251,667,2272,999,True,Monday
5553957443,2016-05-09,1,453,494,91.7004048582996,Monday,2016-05-10,2016-05-10,16358,10.710000038147,10.710000038147,0.0,3.86999988555908,1.61000001430511,5.19999980926514,0.0,61,40,265,707,2335,1073,True,Tuesday
5577150313,2016-04-13,1,432,458,94.32314410480349,Wednesday,2016-04-14,2016-04-14,8596,6.42000007629395,6.42000007629395,0.0,3.32999992370605,0.310000002384186,2.77999997138977,0.0,118,30,176,662,4022,986,True,Thursday
5577150313,2016-04-14,1,477,497,95.97585513078471,Thursday,2016-04-15,2016-04-15,12087,9.07999992370605,9.07999992370605,0.0,3.92000007629395,1.60000002384186,3.55999994277954,0.0,115,54,199,695,4005,1063,True,Friday
5577150313,2016-04-18,1,527,553,95.29837251356238,Monday,2016-04-19,2016-04-19,12574,9.42000007629395,9.42000007629395,0.0,7.01999998092651,0.639999985694885,1.75999999046326,0.0,108,23,111,733,3501,975,True,Tuesday
5577150313,2016-04-19,1,449,465,96.55913978494624,Tuesday,2016-04-20,2016-04-20,8330,6.21999979019165,6.21999979019165,0.0,4.11999988555908,0.340000003576279,1.75999999046326,0.0,87,16,113,773,3192,989,True,Wednesday
5577150313,2016-04-20,1,447,480,93.125,Wednesday,2016-04-21,2016-04-21,10830,8.09000015258789,8.09000015258789,0.0,3.65000009536743,1.6599999666214,2.77999997138977,0.0,110,74,175,670,4018,1029,True,Thursday
5577150313,2016-04-21,1,414,437,94.73684210526315,Thursday,2016-04-22,2016-04-22,9172,6.84999990463257,6.84999990463257,0.0,2.42000007629395,0.790000021457672,3.29999995231628,0.0,62,30,200,823,3329,1115,True,Friday
5577150313,2016-04-24,1,543,615,88.29268292682927,Sunday,2016-04-25,2016-04-25,6393,4.78000020980835,4.78000020980835,0.0,1.35000002384186,0.670000016689301,2.75999999046326,0.0,61,38,214,743,3374,1056,True,Monday
5577150313,2016-04-25,1,421,461,91.3232104121475,Monday,2016-04-26,2016-04-26,5325,3.98000001907349,3.98000001907349,0.0,0.850000023841858,0.649999976158142,2.47000002861023,0.0,38,32,181,759,3088,1010,True,Tuesday
5577150313,2016-04-26,1,354,377,93.89920424403184,Tuesday,2016-04-27,2016-04-27,6805,5.1399998664856,5.1399998664856,0.0,1.80999994277954,0.400000005960464,2.9300000667572,0.0,63,16,190,773,3294,1042,True,Wednesday
5577150313,2016-04-27,1,424,452,93.80530973451327,Wednesday,2016-04-28,2016-04-28,9841,7.42999982833862,7.42999982833862,0.0,3.25,1.16999995708466,3.00999999046326,0.0,99,51,141,692,3580,983,True,Thursday
5577150313,2016-04-28,1,361,372,97.04301075268818,Thursday,2016-04-29,2016-04-29,7924,5.92000007629395,5.92000007629395,0.0,2.83999991416931,0.610000014305115,2.47000002861023,0.0,97,36,165,739,3544,1037,True,Friday
5577150313,2016-04-29,1,459,485,94.63917525773195,Friday,2016-04-30,2016-04-30,12363,9.23999977111816,9.23999977111816,0.0,5.82999992370605,0.790000021457672,2.60999989509583,0.0,207,45,163,621,4501,1036,True,Saturday
5577150313,2016-05-01,1,379,398,95.22613065326632,Sunday,2016-05-02,2016-05-02,7439,5.55999994277954,5.55999994277954,0.0,1.12000000476837,0.349999994039536,4.07000017166138,0.0,37,20,235,732,3014,1024,True,Monday
5577150313,2016-05-04,1,603,634,95.11041009463722,Wednesday,2016-05-05,2016-05-05,7550,5.6399998664856,5.6399998664856,0.0,2.5,0.469999998807907,2.67000007629395,0.0,45,21,143,1153,3004,1362,True,Thursday
5577150313,2016-05-05,1,74,78,94.87179487179486,Thursday,2016-05-06,2016-05-06,4950,3.70000004768372,3.70000004768372,0.0,1.92999994754791,0.319999992847443,1.45000004768372,0.0,41,16,79,1304,2643,1440,True,Friday
6117666160,2016-04-16,1,380,398,95.47738693467338,Saturday,2016-04-17,2016-04-17,7150,5.40000009536743,5.40000009536743,0.0,0.0,0.0,5.40000009536743,0.0,0,0,312,702,2225,1014,True,Sunday
6117666160,2016-04-17,2,336,350,96.0,Sunday,2016-04-18,2016-04-18,5153,3.91000008583069,3.91000008583069,0.0,0.0,0.0,3.89000010490417,0.0,0,0,241,759,2018,1000,True,Monday
6117666160,2016-04-19,1,465,492,94.51219512195121,Tuesday,2016-04-20,2016-04-20,10449,8.02000045776367,8.02000045776367,0.0,2.02999997138977,0.479999989271164,5.51999998092651,0.0,26,10,349,587,2536,972,True,Wednesday
6117666160,2016-04-22,1,480,546,87.91208791208791,Friday,2016-04-23,2016-04-23,11495,8.68000030517578,8.68000030517578,0.0,0.0,0.0,8.68000030517578,0.0,0,0,512,468,2651,980,True,Saturday
6117666160,2016-04-23,1,492,539,91.28014842300557,Saturday,2016-04-24,2016-04-24,7623,5.76000022888184,5.76000022888184,0.0,0.0,0.0,5.76000022888184,0.0,0,0,362,711,2305,1073,True,Sunday
6117666160,2016-04-24,1,353,367,96.18528610354224,Sunday,2016-04-25,2016-04-25,0,0.0,0.0,0.0,0.0,0.0,0.0,0.0,0,0,0,1440,1497,1440,True,Monday
6117666160,2016-04-29,1,600,636,94.33962264150944,Friday,2016-04-30,2016-04-30,6987,5.28000020980835,5.28000020980835,0.0,0.0,0.0,5.28000020980835,0.0,0,0,343,1040,2275,1383,True,Saturday
6117666160,2016-05-01,1,507,575,88.17391304347825,Sunday,2016-05-02,2016-05-02,4933,3.73000001907349,3.73000001907349,0.0,0.0,0.0,3.73000001907349,0.0,0,0,236,1204,2044,1440,True,Monday
6962181067,2016-04-14,2,508,535,94.95327102803738,Thursday,2016-04-15,2016-04-15,5563,3.6800000667572,3.6800000667572,0.0,0.0,0.0,3.6800000667572,0.0,0,0,217,837,1756,1054,True,Friday
6962181067,2016-04-15,1,370,386,95.85492227979275,Friday,2016-04-16,2016-04-16,13217,8.73999977111816,8.73999977111816,0.0,3.66000008583069,0.189999997615814,4.88000011444092,0.0,50,3,280,741,2173,1074,True,Saturday
6962181067,2016-04-17,1,427,446,95.73991031390135,Sunday,2016-04-18,2016-04-18,11404,7.53999996185303,7.53999996185303,0.0,0.829999983310699,2.39000010490417,4.32000017166138,0.0,13,42,238,689,2039,982,True,Monday
6962181067,2016-04-19,1,476,535,88.97196261682242,Tuesday,2016-04-20,2016-04-20,13928,9.55000019073486,9.55000019073486,0.0,4.28000020980835,0.189999997615814,5.09000015258789,0.0,48,4,297,639,2174,988,True,Wednesday
6962181067,2016-04-20,1,418,424,98.58490566037736,Wednesday,2016-04-21,2016-04-21,11835,9.71000003814697,7.88000011444092,4.08169221878052,3.99000000953674,2.09999990463257,3.50999999046326,0.109999999403954,53,27,214,708,2179,1002,True,Thursday
6962181067,2016-04-21,1,451,457,98.6870897155361,Thursday,2016-04-22,2016-04-22,10725,7.09000015258789,7.09000015258789,0.0,1.76999998092651,1.54999995231628,3.76999998092651,0.0,30,33,240,659,2086,962,True,Friday
6962181067,2016-04-24,1,511,514,99.41634241245137,Sunday,2016-04-25,2016-04-25,13239,9.27000045776367,9.07999992370605,2.78517508506775,3.01999998092651,1.67999994754791,4.46000003814697,0.100000001490116,35,31,282,637,2194,985,True,Monday
6962181067,2016-04-25,1,400,415,96.3855421686747,Monday,2016-04-26,2016-04-26,10433,6.90000009536743,6.90000009536743,0.0,2.57999992370605,0.419999986886978,3.90000009536743,0.0,36,7,254,680,2012,977,True,Tuesday
6962181067,2016-04-26,1,441,446,98.87892376681614,Tuesday,2016-04-27,2016-04-27,10320,6.82000017166138,6.82000017166138,0.0,0.550000011920929,2.01999998092651,4.25,0.0,7,38,279,697,2034,1021,True,Wednesday
6962181067,2016-04-28,1,440,453,97.13024282560706,Thursday,2016-04-29,2016-04-29,10762,7.1100001335144,7.1100001335144,0.0,0.819999992847443,0.479999989271164,5.80999994277954,0.0,12,15,369,645,2254,1041,True,Friday
6962181067,2016-04-29,1,433,447,96.86800894854586,Friday,2016-04-30,2016-04-30,10081,6.65999984741211,6.65999984741211,0.0,2.24000000953674,0.759999990463257,3.67000007629395,0.0,32,16,237,731,2002,1016,True,Saturday
6962181067,2016-05-01,1,411,426,96.47887323943662,Sunday,2016-05-02,2016-05-02,12912,8.53999996185303,8.53999996185303,0.0,1.20000004768372,2.0,5.34000015258789,0.0,18,39,313,655,2162,1025,True,Monday
6962181067,2016-05-02,1,466,482,96.6804979253112,Monday,2016-05-03,2016-05-03,12109,8.11999988555908,8.11999988555908,0.0,1.74000000953674,2.03999996185303,4.32999992370605,0.0,21,36,267,654,2072,978,True,Tuesday
6962181067,2016-05-03,1,394,418,94.25837320574163,Tuesday,2016-05-04,2016-05-04,10147,6.71000003814697,6.71000003814697,0.0,0.469999998807907,1.67999994754791,4.55000019073486,0.0,15,36,284,683,2086,1018,True,Wednesday
6962181067,2016-05-05,1,467,491,95.11201629327903,Thursday,2016-05-06,2016-05-06,5908,3.91000008583069,3.91000008583069,0.0,0.0,0.0,3.91000008583069,0.0,0,0,299,717,1850,1016,True,Friday
6962181067,2016-05-06,1,443,462,95.88744588744589,Friday,2016-05-07,2016-05-07,6815,4.5,4.5,0.0,0.0,0.0,4.5,0.0,0,0,328,745,1947,1073,True,Saturday
6962181067,2016-05-09,1,489,497,98.39034205231388,Monday,2016-05-10,2016-05-10,15448,10.210000038147,10.210000038147,0.0,3.47000002861023,1.75,4.98999977111816,0.0,62,34,275,626,2361,997,True,Tuesday
7086361926,2016-04-13,1,451,465,96.98924731182795,Wednesday,2016-04-14,2016-04-14,9123,6.11999988555908,6.11999988555908,0.0,2.02999997138977,0.330000013113022,3.66000008583069,0.0,35,32,189,787,2734,1043,True,Thursday
7086361926,2016-04-14,1,472,476,99.15966386554622,Thursday,2016-04-15,2016-04-15,8585,5.67000007629395,5.67000007629395,0.0,2.03999996185303,1.11000001430511,2.52999997138977,0.0,30,21,139,864,2395,1054,True,Friday
7086361926,2016-04-15,1,377,386,97.66839378238342,Friday,2016-04-16,2016-04-16,31,0.0099999997764825,0.0099999997764825,0.0,0.0,0.0,0.0099999997764825,0.0,0,0,3,1437,1635,1440,True,Saturday
7086361926,2016-04-19,1,472,483,97.72256728778468,Tuesday,2016-04-20,2016-04-20,14365,10.6400003433228,10.6400003433228,0.0,7.6399998664856,0.449999988079071,2.53999996185303,0.0,87,13,145,797,2997,1042,True,Wednesday
7086361926,2016-04-20,1,492,502,98.00796812749005,Wednesday,2016-04-21,2016-04-21,9469,6.17999982833862,6.17999982833862,0.0,1.36000001430511,0.300000011920929,4.51000022888184,0.0,19,6,206,758,2463,989,True,Thursday
7086361926,2016-04-21,1,390,411,94.8905109489051,Thursday,2016-04-22,2016-04-22,9753,6.53000020980835,6.53000020980835,0.0,2.86999988555908,0.970000028610229,2.67000007629395,0.0,58,59,153,762,2846,1032,True,Friday
7086361926,2016-04-22,1,428,448,95.53571428571429,Friday,2016-04-23,2016-04-23,2817,1.80999994277954,1.80999994277954,0.0,0.0,0.0,1.79999995231628,0.0,0,0,90,1350,1965,1440,True,Saturday
7086361926,2016-04-25,1,446,447,99.77628635346755,Monday,2016-04-26,2016-04-26,10387,7.07000017166138,7.07000017166138,0.0,4.15999984741211,0.769999980926514,2.11999988555908,0.0,70,33,132,726,2781,961,True,Tuesday
7086361926,2016-04-26,1,485,500,97.0,Tuesday,2016-04-27,2016-04-27,11107,8.34000015258789,8.34000015258789,0.0,5.63000011444092,0.180000007152557,2.52999997138977,0.0,55,6,145,829,2693,1035,True,Wednesday
7086361926,2016-04-27,1,469,479,97.91231732776617,Wednesday,2016-04-28,2016-04-28,11584,7.80000019073486,7.80000019073486,0.0,2.78999996185303,1.63999998569489,3.35999989509583,0.0,54,48,161,810,2862,1073,True,Thursday
7086361926,2016-04-28,1,354,367,96.45776566757493,Thursday,2016-04-29,2016-04-29,7881,4.94999980926514,4.94999980926514,0.0,0.490000009536743,0.449999988079071,4.0,0.0,24,36,182,1198,2616,1440,True,Friday
7086361926,2016-04-30,1,485,489,99.18200408997954,Saturday,2016-05-01,2016-05-01,12390,8.06999969482422,8.06999969482422,0.0,2.29999995231628,0.899999976158142,4.84999990463257,0.0,30,15,258,685,2730,988,True,Sunday
7086361926,2016-05-01,1,388,407,95.33169533169533,Sunday,2016-05-02,2016-05-02,10052,6.80999994277954,6.80999994277954,0.0,3.48000001907349,0.660000026226044,2.66000008583069,0.0,66,26,139,737,2754,968,True,Monday
7086361926,2016-05-02,1,440,459,95.86056644880175,Monday,2016-05-03,2016-05-03,10288,6.76000022888184,6.76000022888184,0.0,2.74000000953674,0.850000023841858,3.16000008583069,0.0,57,36,152,761,2754,1006,True,Tuesday
7086361926,2016-05-03,1,456,461,98.91540130151843,Tuesday,2016-05-04,2016-05-04,10988,8.3100004196167,8.3100004196167,0.0,5.28000020980835,0.119999997317791,2.90000009536743,0.0,45,12,135,843,2655,1035,True,Wednesday
7086361926,2016-05-04,1,420,436,96.3302752293578,Wednesday,2016-05-05,2016-05-05,8564,5.59999990463257,5.59999990463257,0.0,1.77999997138977,0.829999983310699,2.95000004768372,0.0,24,14,149,1253,2386,1440,True,Thursday
7086361926,2016-05-08,1,481,510,94.31372549019608,Sunday,2016-05-09,2016-05-09,13566,9.10999965667725,9.10999965667725,0.0,4.26000022888184,1.71000003814697,3.11999988555908,0.0,67,50,171,743,2960,1031,True,Monday
7086361926,2016-05-09,1,427,438,97.48858447488584,Monday,2016-05-10,2016-05-10,14433,10.789999961853,10.789999961853,0.0,7.1100001335144,1.20000004768372,2.45000004768372,0.0,72,23,106,1182,2800,1383,True,Tuesday
8378563200,2016-04-12,1,338,356,94.9438202247191,Tuesday,2016-04-13,2016-04-13,12386,9.81999969482422,9.81999969482422,2.0921471118927,4.96000003814697,0.649999976158142,4.21000003814697,0.0,116,14,169,680,4079,979,True,Wednesday
8378563200,2016-04-13,2,447,487,91.78644763860369,Wednesday,2016-04-14,2016-04-14,13318,10.5600004196167,10.5600004196167,2.25308108329773,5.61999988555908,1.02999997138977,3.91000008583069,0.0,123,21,174,699,4163,1017,True,Thursday
8378563200,2016-04-14,1,424,455,93.18681318681318,Thursday,2016-04-15,2016-04-15,14461,11.4700002670288,11.4700002670288,0.0,4.90999984741211,1.14999997615814,5.40999984741211,0.0,60,23,190,729,3666,1002,True,Friday
8378563200,2016-04-17,2,525,591,88.83248730964468,Sunday,2016-04-18,2016-04-18,13630,10.8100004196167,10.8100004196167,2.0921471118927,5.05000019073486,0.560000002384186,5.19999980926514,0.0,117,10,174,720,4157,1021,True,Monday
8378563200,2016-04-18,1,398,451,88.24833702882484,Monday,2016-04-19,2016-04-19,13070,10.3599996566772,10.3599996566772,2.25308108329773,5.30000019073486,0.879999995231628,4.17999982833862,0.0,120,19,154,737,4092,1030,True,Tuesday
8378563200,2016-04-19,1,387,421,91.92399049881234,Tuesday,2016-04-20,2016-04-20,9388,7.44000005722046,7.44000005722046,2.0921471118927,2.23000001907349,0.439999997615814,4.78000020980835,0.0,82,8,169,763,3787,1022,True,Wednesday
8378563200,2016-04-20,1,381,409,93.15403422982885,Wednesday,2016-04-21,2016-04-21,15148,12.0100002288818,12.0100002288818,2.25308108329773,6.90000009536743,0.819999992847443,4.28999996185303,0.0,137,16,145,677,4236,975,True,Thursday
8378563200,2016-04-21,1,396,417,94.96402877697841,Thursday,2016-04-22,2016-04-22,12200,9.67000007629395,9.67000007629395,2.0921471118927,4.90999984741211,0.589999973773956,4.17999982833862,0.0,113,12,159,769,4044,1053,True,Friday
8378563200,2016-04-24,1,458,492,93.08943089430895,Sunday,2016-04-25,2016-04-25,12405,9.84000015258789,9.84000015258789,2.0921471118927,5.05000019073486,0.870000004768372,3.92000007629395,0.0,117,16,141,692,4005,966,True,Monday
8378563200,2016-05-01,1,475,539,88.12615955473099,Sunday,2016-05-02,2016-05-02,6064,4.80999994277954,4.80999994277954,2.0921471118927,0.629999995231628,0.170000001788139,4.01000022888184,0.0,63,4,142,802,3491,1011,True,Monday
8378563200,2016-05-02,1,351,385,91.16883116883116,Monday,2016-05-03,2016-05-03,8712,6.90999984741211,6.90999984741211,2.25308108329773,1.3400000333786,1.05999994277954,4.5,0.0,71,20,195,822,3784,1108,True,Tuesday
8378563200,2016-05-04,1,441,477,92.45283018867924,Wednesday,2016-05-05,2016-05-05,8567,6.78999996185303,6.78999996185303,2.25308108329773,0.889999985694885,0.159999996423721,5.73999977111816,0.0,66,3,214,764,3783,1047,True,Thursday
8378563200,2016-05-05,1,381,417,91.36690647482014,Thursday,2016-05-06,2016-05-06,7045,5.59000015258789,5.59000015258789,2.0921471118927,1.54999995231628,0.25,3.77999997138977,0.0,74,5,166,831,3644,1076,True,Friday
8378563200,2016-05-06,1,323,355,90.98591549295774,Friday,2016-05-07,2016-05-07,4468,3.53999996185303,3.53999996185303,0.0,0.0,0.0,3.53999996185303,0.0,0,0,158,851,2799,1009,True,Saturday
8378563200,2016-05-08,1,545,606,89.93399339933993,Sunday,2016-05-09,2016-05-09,8382,6.65000009536743,6.65000009536743,2.0921471118927,1.26999998092651,0.660000026226044,4.71999979019165,0.0,71,13,171,772,3721,1027,True,Monday
8378563200,2016-05-09,1,359,399,89.97493734335839,Monday,2016-05-10,2016-05-10,6582,5.21999979019165,5.21999979019165,2.25308108329773,0.660000026226044,0.639999985694885,3.92000007629395,0.0,63,13,152,840,3586,1068,True,Tuesday
8378563200,2016-05-10,1,342,391,87.46803069053708,Tuesday,2016-05-11,2016-05-11,9143,7.25,7.25,2.0921471118927,1.38999998569489,0.589999973773956,5.26999998092651,0.0,72,10,184,763,3788,1029,True,Wednesday
8792009665,2016-04-14,1,486,503,96.62027833001989,Thursday,2016-04-15,2016-04-15,2483,1.5900000333786,1.5900000333786,0.0,0.0,0.0,1.5900000333786,0.0,0,0,126,937,2009,1063,True,Friday
8792009665,2016-04-15,1,363,377,96.28647214854111,Friday,2016-04-16,2016-04-16,244,0.159999996423721,0.159999996423721,0.0,0.0,0.0,0.159999996423721,0.0,0,0,12,1428,1721,1440,True,Saturday
8792009665,2016-04-20,1,528,547,96.52650822669105,Wednesday,2016-04-21,2016-04-21,144,0.0900000035762787,0.0900000035762787,0.0,0.0,0.0,0.0900000035762787,0.0,0,0,9,1431,1720,1440,True,Thursday
8792009665,2016-04-22,1,391,407,96.06879606879608,Friday,2016-04-23,2016-04-23,5245,3.35999989509583,3.35999989509583,0.0,0.159999996423721,0.439999997615814,2.75,0.0,8,45,232,795,2748,1080,True,Saturday
8792009665,2016-04-23,1,339,360,94.16666666666667,Saturday,2016-04-24,2016-04-24,400,0.259999990463257,0.259999990463257,0.0,0.0399999991059303,0.0500000007450581,0.159999996423721,0.0,3,8,19,1410,1799,1440,True,Sunday
8792009665,2016-04-27,1,423,428,98.83177570093457,Wednesday,2016-04-28,2016-04-28,6157,3.94000005722046,3.94000005722046,0.0,0.0,0.0,3.94000005722046,0.0,0,0,310,714,2780,1024,True,Thursday
8792009665,2016-04-28,1,402,416,96.63461538461539,Thursday,2016-04-29,2016-04-29,8360,5.34999990463257,5.34999990463257,0.0,0.140000000596046,0.280000001192093,4.92999982833862,0.0,6,14,380,634,3101,1034,True,Friday
8792009665,2016-04-29,1,398,406,98.0295566502463,Friday,2016-04-30,2016-04-30,7174,4.59000015258789,4.59000015258789,0.0,0.330000013113022,0.360000014305115,3.91000008583069,0.0,10,20,301,749,2896,1080,True,Saturday
8792009665,2016-05-01,1,503,527,95.44592030360532,Sunday,2016-05-02,2016-05-02,1831,1.16999995708466,1.16999995708466,0.0,0.0,0.0,1.16999995708466,0.0,0,0,101,916,2015,1017,True,Monday
8792009665,2016-05-03,1,516,545,94.67889908256882,Tuesday,2016-05-04,2016-05-04,2283,1.46000003814697,1.46000003814697,0.0,0.0,0.0,1.46000003814697,0.0,0,0,129,848,2067,977,True,Wednesday
8792009665,2016-05-04,1,439,463,94.81641468682506,Wednesday,2016-05-05,2016-05-05,0,0.0,0.0,0.0,0.0,0.0,0.0,0.0,0,0,0,1440,1688,1440,True,Thursday
